video,yt_id,duration,title,singer,audio,lyric,year,submatch,match,tempo_transition_complexity,active_bpm_variance,pitch_high,pitch_low,pitch_range,rms_variation,repeat_area_size,repetition_ratio,key,scale,strength,tempo_variance
BBIBBI (삐삐),BZqfL_2CzKg,3:15,BBIBBI,IU,Q1,Q2,2018,0,1,0.0726056842608072,58.878944070347735,389.7377084050387,65.40639132514966,324.331317079889,0.0228108074516057,43598770,0.6280986232554141,G,major,0.8940593600273132,4.990563720279618
Twenty-three (스물셋),GXNHaLIhyMY,3:15,스물셋,IU,Q1,Q2,2015,0,1,0.069900824471263,57.02890794325844,118.57804013471404,65.40639132514966,53.17164880956439,0.0180086381733417,57895162,0.8350592715176481,C,minor,0.8668016195297241,1.552691168944428
Jam Jam (잼잼),KWjDSRdIFgc,3:39,잼잼,IU,Q1,Q2,2017,0,1,0.1501702852277565,945.6784866267378,169.64319079487348,65.40639132514966,104.23679946972382,0.0100531075149774,47310732,0.5407684773820655,A,minor,0.9640468955039978,4.506090979662503
다비치 (DAVICHI) - 너에게 못했던 내 마지막 말은 (Unspoken Words) _ 가사,inxtzi3d_0I,3:25,너에게 못했던 내 마지막 말은,다비치,Q1,Q3,2019,0,1,0.1247874872492349,1033.2964928184708,367.86341164694414,65.40639132514966,302.4570203217945,0.0155234411358833,41192330,0.5342910077904276,D,major,0.9029999375343324,4.119712334460465
시간아 멈춰라 (시간아 멈춰라),i-SBnhaZSSU,4:29,시간아 멈춰라,다비치,Q1,Q2,2010,0,1,0.1997755331088664,1065.284325213244,926.9577116402556,65.40639132514966,861.551320315106,0.0157071594148874,32124936,0.2412087295734279,Bb,major,0.8869790434837341,1.9867238554914963
Can't Nobody,f57HiOMOWg0,3:29,Can't Nobody,2NE1,Q1,Q2,2010,0,1,0.1457589285714285,803.952995941785,110.0,65.40639132514966,44.59360867485033,0.0140063613653182,72374732,0.910124350043056,A,minor,0.9402156472206116,1.7075645822897552
Hate You,XiVEeuUKfRU,3:32,Hate You,2NE1,Q1,Q2,2011,0,1,0.1096086191732629,171.62274945291847,84.33305895682803,65.40639132514966,18.92666763167837,0.0061678909696638,57512276,0.7016613331047503,A,major,0.8528945446014404,1.6055622213519265
Come Back Home,BuwxrZxEbt0,3:50,Come Back Home,2NE1,Q1,Q3,2014,0,1,0.1145254220155665,722.9810414271071,97.43442710125966,65.40639132514966,32.02803577611,0.0114868003875017,43870036,0.4521176288114221,C,minor,0.8932042717933655,3.273779603584104
심술,blgBQkYBtQ0,2:38,심술,볼빨간 사춘기,Q1,Q2,2016,0,1,0.0997939358257285,115.48704347348335,307.5533855193843,65.40639132514966,242.14699419423465,0.0141105726361274,10512066,0.2306149922672505,E,major,0.9286528825759888,6.483904313102677
"나만, 봄",bWPxFjZ2GX0,3:38,"나만, 봄",볼빨간 사춘기,Q1,Q3,2019,0,1,0.0916773641420624,133.09675607870193,590.7319012233158,65.40639132514966,525.3255098981662,0.0173663962632417,48397104,0.5589075152499072,G,major,0.9326801300048828,4.270901877784774
상상,QEpKgCzikTE,2:56,상상,볼빨간 사춘기,Q1,Q3,2016,0,1,0.0931989924433249,146.71445949493616,587.329535834815,65.40639132514966,521.9231445096653,0.0099031450226902,25694208,0.4567250233302226,G,major,0.935098111629486,4.496635846379828
Bad boy (바빠 (BAD BOY)),LD_LbLnzSDE,3:33,바빠,씨스타,Q1,Q2,2013,0,1,0.1040122110771914,293.76403563510485,594.1539763140034,65.40639132514966,528.7475849888538,0.0091779995709657,58511404,0.702015230881402,G,major,0.945675253868103,4.187258988250258
Shady Girl (가식걸),-94h_QBJcKg,3:16,가식걸,씨스타,Q1,Q2,2010,0,1,0.0746463806014501,174.74628081276978,496.74433811469765,65.40639132514966,431.337946789548,0.0113169932737946,61639482,0.8797437303816855,C#,minor,0.832021176815033,3.231397974789239
Ma boy (MA BOY),p3wgNv2xeA8,3:19,Ma Boy,씨스타,Q4,Q2,2011,0,1,0.1091759205143191,218.36848317740504,1034.4821575295755,65.40639132514966,969.075766204426,0.0118382396176457,45843616,0.6326516102307925,Bb,major,0.9471702575683594,2.943917652212527
SOBER,zT3VfvAjvtk,3:58,맨정신,빅뱅,Q1,Q2,2015,0,1,0.1533424550430023,938.9384759505966,121.34967043801213,65.40639132514966,55.943279112862456,0.0099307708442211,74882112,0.721227601087243,C,major,0.9044189453125,4.936439168166574
삐딱하게 (Crooked),ywoyAdPEyTg,3:45,삐딱하게,GD,Q1,Q2,2013,0,1,0.1942780417269159,879.2828262332335,106.86851352689663,65.40639132514966,41.46212220174699,0.0129108661785721,76434612,0.822585502619674,D,major,0.8816988468170166,2.592962306181897
니가 뭔데 (Who You_),VV2PwivrfOU,3:22,니가 뭔데,GD,Q1,Q2,2013,0,1,0.1324495677233429,212.1524484847478,573.9149106968482,65.40639132514966,508.5085193716985,0.0109289530664682,38956930,0.5227710778961304,C#,major,0.910603165626526,5.020322689577001
첫사랑,_sQhN4dLC60,3:30,첫사랑,버스커버스커,Q4,Q3,2012,0,1,0.139933628318584,969.8061640985982,514.2619893669481,65.40639132514966,448.8555980417984,0.0084869274869561,55656724,0.6875019439810801,C,major,0.865552544593811,4.266770037524171
3. 사랑은 타이밍,eoRV-cuLsCo,4:12,사랑은 타이밍,버스커버스커,Q4,Q3,2013,0,1,0.0954360679970436,625.8795224362494,149.39896882100535,65.40639132514966,83.9925774958557,0.0100109409540891,62689962,0.5393114403898076,A,major,0.8846824765205383,2.882088659618552
1. 서울사람들,zXKAS3zIp1s,3:27,서울사람들,버스커버스커,Q1,Q3,2012,0,1,0.1876548772246001,567.2478197483739,165.76853496220332,65.40639132514966,100.36214363705366,0.0064934128895401,62291718,0.7979359788363855,F,minor,0.9014140367507936,4.505781625667143
Blood Sweat & Tears,tuEZ_8HdnwQ,3:38,피 땀 눈물,BTS,Q1,Q3,2016,0,1,0.1647411210954215,540.9032043150055,96.31529725464738,65.40639132514966,30.90890592949772,0.0138119887560606,49653594,0.5734179228114084,C,minor,0.8383266925811768,4.535998679255673
쩔어,qi3dicwdbdQ,4:01,쩔어,BTS,Q1,Q3,2015,0,1,0.1644577730482732,459.38950544553165,145.14587018501834,65.40639132514966,79.73947885986868,0.0153451720252633,46210554,0.4360443467164914,Bb,minor,0.936397910118103,4.279944318705765
아예 (AH YEAH),B6QlcMCD2Ko,2:57,AH YEAH,WINNER,Q1,Q2,2019,0,1,0.1422198897927053,317.74245078103604,445.11255373284587,65.40639132514966,379.7061624076962,0.007419598288834,40478732,0.7046051076418977,G,major,0.96941077709198,2.483077874489818
You don’t know love (촌스럽게 왜 이래 (YOU DON’T KNOW LOVE)),-6D1nhqoAyY,3:27,촌스럽게 왜 이래,케이윌,Q1,Q2,2012,0,1,0.1335877862595419,763.2033727900372,502.5162292967395,65.40639132514966,437.10983797158985,0.0141630619764328,40455066,0.5147145524090014,C,major,0.902495503425598,4.124107537500533
Please don’t… (이러지마 제발 (PLEASE DON’T…)),x8UCXVZ6IWY,3:56,이러지마 제발,케이윌,Q4,Q3,2012,0,1,0.1522962962962963,465.7134924554185,535.48154601506,65.40639132514966,470.0751546899103,0.0134833892807364,63550332,0.6251458657868908,F#,minor,0.953488826751709,4.535562537489634
Love Equation (이별공식),xvubar0cgH0,3:30,이별공식,빅스,Q1,Q3,2013,0,1,0.1164391164391164,175.14016009520506,361.54373841774776,65.40639132514966,296.13734709259813,0.0113535812124609,64854960,0.8066725737698202,Bb,major,0.9598212242126464,1.1654944404579286
손대지마 (손대지마),O8GCcI9CvBo,3:25,손대지마,에일리,Q1,Q2,2014,0,1,0.141785957736878,946.2291622491244,132.33275396903284,65.40639132514966,66.92636264388318,0.0112862950190901,69313818,0.9033606920161964,G,minor,0.8968798518180847,3.831836405123678
U & I (U & I),gx3yY8YpGYQ,3:15,U & I,에일리,Q1,Q2,2013,0,1,0.2107334525939177,825.9306521534287,385.26118901858945,65.40639132514966,319.85479769343976,0.0105290189385414,54825036,0.7877465257060381,D,minor,0.8974185585975647,3.659929179472747
보여줄게 (보여줄게),AeVsG5rfTjo,3:54,보여줄게,에일리,Q1,Q2,2012,0,1,0.2017874875868917,1011.6884185675444,178.6955271983718,65.40639132514966,113.28913587322214,0.0240878369659185,48022588,0.4775954941601831,G,minor,0.8791486024856567,4.488419427628076
Shock (SHOCK),YHAXAcWxi0I,3:46,Shock,비스트,Q1,Q2,2010,0,1,0.1281259648039518,445.15469321364446,95.76056196257365,65.40639132514966,30.35417063742399,0.0099010113626718,65310750,0.6977946161131972,C,minor,0.9090240597724916,1.9427248405398672
YeY (예이 (YEY)),MgYcgQdz4mI,3:36,YeY,비스트,Q1,Q3,2015,0,1,0.1387544369151339,740.5423254350601,514.2619893669481,65.40639132514966,448.8555980417984,0.015228297561407,61704128,0.7204573909487882,D,minor,0.9392986297607422,2.8197714725961474
Palette (feat. G-DRAGON) (팔레트 (feat. G-DRAGON)),2C1Jg04INb4,3:38,Palette,IU,Q3,Q4,2017,1,1,0.0995301153353267,156.1781111566177,293.6647679174075,65.40639132514966,228.25837659225783,0.019173365086317,47080730,0.5418406474126555,C,major,0.956125259399414,4.055768382444846
Dear Name (이름에게),JSOBF_WhqEM,4:50,이름에게,IU,Q3,Q4,2017,1,1,0.2126363053239256,1353.3473912159775,622.2539674441617,65.40639132514966,556.847576119012,0.0111951418220996,27322844,0.1768555062910186,D,major,0.9148218631744384,0.4146677042813138
Meaning of you (너의 의미 (feat. 김창완)),LajvR3lH1cg,3:16,너의 의미,IU,Q3,Q4,2014,1,1,0.1444853377656417,492.3268720482602,238.52991146631203,65.40639132514966,173.12352014116237,0.0107694305479526,18272254,0.2601670331147364,Eb,major,0.9243531227111816,4.948129976531906
너라서 (Because it's you),E3dy6DipQ8w,4:17,너라서,다비치,Q3,Q4,2012,1,1,0.1909329472445932,1356.843681511803,644.1977062160751,65.40639132514966,578.7913148909254,0.0098251337185502,22542216,0.1860117224385122,Bb,major,0.9362224340438844,0.8079046304231458
Dear.,Wzwr5AKu0pY,3:54,나의 오랜 연인에게,다비치,Q3,Q4,2019,1,1,0.1706372840976772,1011.4823295601432,180.77186920887385,65.40639132514966,115.3654778837242,0.0134149882942438,37695074,0.3745871252069144,Ab,major,0.9367282390594482,1.843911900565412
Falling in Love,dnwgg8R0Zho,3:47,Falling In Love,2NE1,Q3,Q1,2013,1,1,0.0829063332650133,58.42968339661161,86.30425076864258,65.40639132514966,20.89785944349292,0.0094745680689811,40395682,0.4279614335867404,B,major,0.9108644127845764,2.4190684204565094
I Don't Care,ORHR-ZA4RyM,3:59,I Don't Care,2NE1,Q3,Q1,2009,1,1,0.0587604755408302,76.36247994988902,155.56349186104043,65.40639132514966,90.15710053589078,0.0126784928143024,78647442,0.753052590537292,E,major,0.8040231466293335,2.968449729470747
Feel Special,2zZxNpzqcAc,3:27,Feel Special,TWICE,Q1,Q4,2019,2,0,0.1228956228956228,239.81915370187724,88.83315834800462,65.40639132514966,23.42676702285496,0.0140818571671843,56159222,0.7141980988129141,F,minor,0.871226966381073,1.7648985090252105
고쳐주세요,hCpwMZFe_FM,3:07,고쳐주세요,볼빨간 사춘기,Q3,Q4,2017,1,1,0.1554003492142679,635.439550236214,590.7319012233158,65.40639132514966,525.3255098981662,0.0085340598598122,35038622,0.5508472439261358,G,major,0.9431270956993104,3.5787094167219253
처음부터 너와 나,4_phMXGTgrM,3:25,처음부터 너와 나,볼빨간 사춘기,Q3,Q4,2016,1,1,0.1837106131270617,719.3630614479001,551.1723529946163,65.40639132514966,485.7659616694666,0.0132297463715076,36306704,0.4743726410851683,G,major,0.7902547717094421,3.869134111066133
우주를 줄게,0i2wOl5PDOw,3:34,우주를 줄게,볼빨간 사춘기,Q3,Q4,2016,1,1,0.0916395222584147,159.24357357166184,523.2511306011972,65.40639132514966,457.8447392760475,0.0149657139554619,41862020,0.4981020680637791,C,major,0.9374516010284424,5.383816841722545
Lead me (LEAD ME),8l93E8mAJfU,3:43,Lead Me,씨스타,Q3,Q1,2013,1,1,0.0694111516414799,57.57138404496219,141.8307339283537,65.40639132514966,76.42434260320405,0.0102403694763779,35331482,0.3871932370250008,E,major,0.7692506313323975,2.9651432685403405
I Choose To Love You (널 사랑하겠어),CXETtH7hlkk,3:31,널 사랑하겠어,씨스타,Q3,Q1,2013,1,1,0.1148499558693733,641.2514656490007,698.4564628660077,65.40639132514966,633.050071540858,0.0141314044594764,55187264,0.6780806606305035,C,major,0.8441535234451294,3.661482194931812
Mirror Mirror (거울아 거울아),0o58LfAUZPA,3:37,거울아 거울아,포미닛,Q3,Q1,2011,1,1,0.1078473413379073,614.6804731540113,121.34967043801213,65.40639132514966,55.943279112862456,0.0132027491927146,69073638,0.8011276899197186,Ab,minor,0.8282456398010254,1.713850975693368
새벽한시 (1AM),6sbCVsiQrlk,3:12,새벽한시 1AM,태양,Q3,Q1,2014,1,1,0.177758954501452,467.51208170077655,107.48759652776704,65.40639132514966,42.0812052026174,0.0127530787140131,24650916,0.3646959505991902,G,major,0.8937614560127258,3.5260768303997745
하루하루 (Haru Haru),c84VnpGFbrw,4:17,하루하루,빅뱅,Q3,Q4,2008,1,1,0.1370471014492753,412.78691070678434,349.2282314330038,65.40639132514966,283.8218401078542,0.0158779080957174,77508160,0.6408545715397294,F#,major,0.9584893584251404,4.568790242927909
2 빛이 되어줘 (선공개곡),zlVJBoBPy0c,3:27,빛이 되어줘,블락비,Q3,Q4,2013,1,1,0.176,715.4676910136878,508.35518662380014,65.40639132514966,442.94879529865045,0.0148297837004065,47264990,0.6058599986135654,G,major,0.9554317593574524,4.208830226003708
여수 밤바다,eO8w9xFArpE,4:41,여수밤바다,버스커버스커,Q3,Q4,2012,1,1,0.1154579361790302,1229.440969345318,263.1411467822288,65.40639132514966,197.73475545707916,0.0051560602150857,45107608,0.3120758965656312,E,major,0.9044310450553894,3.039554064541926
예뻤어 You Were Beautiful,Mhyi9p7T7OM,4:44,예뻤어,데이식스,Q3,Q1,2017,1,1,0.1161951619516195,1216.9710615777744,171.61434972294217,65.40639132514966,106.20795839779252,0.0135316783562302,54578476,0.3695644142623724,Eb,major,0.8924136757850647,5.773342741637343
Summer (뜨거운 여름밤은 가고 남은 건 볼품없지만),Kx8pJzPodsY,4:03,뜨거운 여름밤은 가고 남은 건 볼품없지만,잔나비,Q3,Q4,2016,1,1,0.1125549398050831,1497.0680281766672,142.65235101161107,65.40639132514966,77.24595968646142,0.0107183093205094,40132850,0.3693795615090277,Eb,major,0.8491999506950378,5.112361364222792
Just One Day,t9JbdvifAMw,4:00,하루만,BTS,Q3,Q4,2014,1,1,0.1427186348652317,811.0545756121843,206.4563592676515,65.40639132514966,141.04996794250184,0.0119895357638597,42494024,0.402772785852312,A,major,0.9447338581085204,4.23671290730932
봄날,ZO1xdXOXarc,4:35,봄날,BTS,Q3,Q4,2017,1,1,0.1002964845404489,748.4382380275554,159.19961611844158,65.40639132514966,93.79322479329193,0.00622488418594,75925004,0.5487639220694993,Eb,major,0.7991126179695129,5.239914807125266
Answer _ Love Myself,9mwRYgMmSGE,4:12,Answer: Love Myself,BTS,Q3,Q1,2018,1,1,0.1619848456847163,499.88807897838853,153.77669275969214,65.40639132514966,88.37030143454248,0.0130918249487876,75518226,0.6499119861491139,C#,major,0.9645507335662842,4.1102929017944225
Beautiful Moment (내 생에 아름다운),N4RAUQAQC5k,3:59,내 생에 아름다운,케이윌,Q3,Q4,2016,1,1,0.1995722756877612,919.484371758867,391.9954359817493,65.40639132514966,326.58904465659964,0.0118922349065542,18458904,0.1758832081401218,Eb,major,0.849689781665802,0.7721421960887064
I need you (니가 필요해 (I NEED YOU)),GFrx346WL6g,3:40,니가 필요해,케이윌,Q3,Q4,2012,1,1,0.1085164835164835,1083.6422391382675,761.6721736854058,65.40639132514966,696.2657823602561,0.0132551593706011,64193370,0.7231861030462776,F,minor,0.8134097456932068,4.380493674759674
Amazing You (그대라는 사치),LkE6CvVRsn0,4:57,그대라는 사치,한동근,Q3,Q1,2014,1,1,0.1623122653316645,1002.5364726125802,278.7883336231537,65.40639132514966,213.381942298004,0.0175901912152767,42442806,0.2614345443395519,F#,major,0.9569858312606812,2.3097934403549933
[도깨비 OST Part 9] 에일리 (Ailee) - 첫눈처럼 너에게 가겠다 (I will go to you like the first snow) (Official Audio),6rS7OUGXUik,3:51,첫눈처럼 너에게 가겠다,에일리,Q3,Q4,2017,1,1,0.1958013726281792,1322.3694805594596,811.6382503556265,65.40639132514966,746.2318590304768,0.0073261805810034,13990224,0.1437429214936818,F,minor,0.8114461302757263,2.937307256970465
Heaven (HEAVEN),r-el8_35fU8,3:32,Heaven,에일리,Q3,Q1,2012,1,1,0.1240386728191606,864.9022377965856,788.5324848825182,65.40639132514966,723.1260935573686,0.0099894432350993,43954896,0.5355484904332086,G,major,0.8075132966041565,4.7935014957241595
노래가 늘었어 (노래가 늘었어),S122aFkcOiw,3:20,노래가 늘었어,에일리,Q3,Q4,2014,1,1,0.1450319581638582,1233.692670011658,327.72904188699454,65.40639132514966,262.32265056184485,0.0150876510888338,33600558,0.4582952143071497,F,major,0.9079934358596802,0.4176289000271864
Good Luck (GOOD LUCK),i86RMBFxtao,3:23,Good Luck,비스트,Q2,Q1,2014,1,1,0.2287814402205122,790.2912170101536,538.5835590540482,65.40639132514966,473.17716772889855,0.0199629217386245,54527308,0.7263184002463717,Bb,minor,0.9668058753013612,4.070542869060952
BEAST - '괜찮겠니 (Will you be alright_)' (Snippet),KNWVzo1HABE,22,괜찮겠니,비스트,Q3,Q4,2013,1,1,0.1470911086717892,302.87978735325413,95.76056196257365,65.40639132514966,30.35417063742399,0.0110370116308331,239524,0.3175481113414964,Bb,major,0.9420906901359558,4.495861333491447
아이유(IU) - Blueming(블루밍) [가사_Lyrics],yCFMJrneOUs,3:38,Blueming,IU,Q1,Q1,2019,2,0,0.0736583279880265,49.09875297203402,618.6700483138337,65.40639132514966,553.263656988684,0.0159283950924873,52239650,0.6025054290439458,C,major,0.9376393556594848,5.271115117035965
아이유(IU) - 좋은 날 [가사_Lyrics],V6WWJNpIJN4,3:56,좋은날,IU,Q1,Q1,2010,2,0,0.1946579932978513,801.4294371367857,410.5345162761952,65.40639132514966,345.1281249510455,0.0127321211621165,74291112,0.7277683564746296,C#,minor,0.8068592548370361,3.716804865838605
아이유(IU) - 이 지금 [가사_Lyrics],RUuRcR7ZQUg,2:57,이 지금,IU,Q4,Q1,2017,2,0,0.1934762593713008,800.17006266641,879.9999999999999,65.40639132514966,814.5936086748502,0.0053142891265451,26916160,0.4708819765029261,E,major,0.9174492359161376,2.797917544961307
다비치 - 안녕이라고 말하지마 [가사_Lyrics],uw83-MnCpAo,3:51,안녕이라고 말하지마,다비치,Q4,Q4,2011,2,0,0.1098790322580645,1051.305488575946,959.6468047454268,65.40639132514966,894.240413420277,0.0038151273038238,57633998,0.5907240758023425,Bb,major,0.9184054732322692,5.482322629545407
다비치 - 거북이 [가사_Lyrics],ofBinMrHfHQ,3:44,거북이,다비치,Q1,Q1,2013,2,0,0.1788010786143953,455.823726291938,177.66631669600923,65.40639132514966,112.25992537085958,0.0059869089163839,50365320,0.5465556307948745,Bb,major,0.900398313999176,2.9884433575258567
2NE1 - I AM THE BEST (내가 제일 잘 나가) - (Color Coded Han_Rom_Eng Lyrics) _ by Yankat,rrZxGvUSeAE,3:31,내가 제일 잘 나가,2NE1,Q1,Q1,2011,2,0,0.1206478624944909,340.1726734003307,353.2860680198856,65.40639132514966,287.87967669473596,0.0103783281520009,73964364,0.9063802438803276,C,major,0.7949572801589966,2.79535139317465
2NE1 (투애니원) - Clap Your Hands (박수쳐) Colour Coded Lyrics (Han_Rom_Eng),XmU1dKcCd8k,3:43,박수쳐,2NE1,Q1,Q1,2010,2,0,0.101242041540549,86.40402966762194,248.37216905734888,65.40639132514966,182.96577773219923,0.0146578149870038,59053558,0.6490615794500998,Bb,minor,0.8332850933074951,4.903632911285504
2NE1(투애니원) - Fire [가사_Lyrics],ahampaoO2Vg,3:45,Fire,2NE1,Q1,Q1,2009,2,0,0.0918134715025906,84.00865956133052,105.64102395561046,65.40639132514966,40.23463263046081,0.0045231510885059,83899370,0.9089456480655628,E,minor,0.9319080710411072,3.98781105558191
[Lyrics Video] BOL4(볼빨간사춘기) - Travel(여행),g6U2SS-ZMy8,3:42,여행,볼빨간 사춘기,Q1,Q1,2018,2,0,0.1113443173470458,537.3735717318771,146.8323839587038,65.40639132514966,81.42599263355413,0.0132338255643844,73585164,0.8176703337907655,C#,major,0.9509337544441224,2.4064019565519477
[M_V] Bolbbalgan4 - Tell Me You Love Me,y5MAgMVwfFs,3:28,좋다고 말해,볼빨간 사춘기,Q1,Q1,2016,2,0,0.1201255042581802,806.9841048800763,408.1700114541761,65.40639132514966,342.76362012902644,0.0175427179783582,33935984,0.4302172377489638,C#,major,0.9384920597076416,5.442838343180877
[Lyrics Video] BOL4(볼빨간사춘기) - Some(썸 탈꺼야),Je-AOvGZVso,3:02,썸 탈꺼야,볼빨간 사춘기,Q1,Q1,2017,2,0,0.1570332480818414,501.0336444685736,499.6219487911859,65.40639132514966,434.21555746603633,0.0101815937086939,39005188,0.6448256991882195,E,major,0.8814248442649841,5.578585703203558
SISTAR (씨스타) - Push Push (푸쉬푸쉬) ~Audio~,4JlGa6X_iV0,3:08,Push push,씨스타,Q1,Q1,2010,2,0,0.0849640822392866,134.99399271133888,165.76853496220332,65.40639132514966,100.36214363705366,0.0097577003762125,43785352,0.6787901314676544,C#,minor,0.8526763319969177,0.9986206127523464
SISTAR (씨스타) - So Cool Lyrics [HAN_ROM_ENG],8Z5p1UsKRXo,3:24,So Cool,씨스타,Q1,Q1,2011,2,0,0.164078556748116,660.9418645248937,663.0741398488134,65.40639132514966,597.6677485236637,0.0089217256754636,68769212,0.9053352596118428,F#,minor,0.8434068560600281,1.3501899916233628
Sistar - Loving U [Audio_DL],pdy02f4HUqs,3:42,Loving U,씨스타,Q1,Q1,2012,2,0,0.1492615481303027,782.9198697212927,748.5871016367529,65.40639132514966,683.1807103116032,0.0117259658873081,71921866,0.7961637459993588,A,major,0.9598226547241212,4.044781846868913
BIGBANG - Fantastic Baby (Audio),5vzv_A45YMc,3:51,Fantastic Baby,빅뱅,Q1,Q1,2012,2,0,0.1508176862507571,560.104621897278,98.56656061031477,65.40639132514966,33.16016928516511,0.0177184604108333,77447616,0.7960602837955415,D,minor,0.9283919930458068,3.5254938832326075
BIGBANG(빅뱅) - WE LIKE 2 PARTY [가사_Lyrics],JfG8brANDPk,3:16,We like 2 party,빅뱅,Q1,Q1,2015,2,0,0.096283984328624,82.6905308896457,140.20166900511882,65.40639132514966,74.79527767996916,0.0135356448590755,55612168,0.7918263807868633,E,major,0.9088802933692932,5.466252084392041
BIGBANG - 뱅뱅뱅 (BANG BANG BANG) (AUDIO),mWPBClH1Pjw,3:45,Bang Bang Bang,빅뱅,Q1,Q1,2015,2,0,0.1471655093792102,480.4439397524045,223.84553226259095,65.40639132514966,158.43914093744132,0.0128244878724217,55879592,0.6055121381689097,C,minor,0.7654889822006226,4.071517012976251
버스커 버스커(Busker Busker) - 벚꽃 엔딩 [가사_Lyrics],uEsT7K_X7Pw,4:22,벚꽃 엔딩,버스커버스커,Q1,Q1,2012,2,0,0.1157061543934542,396.7533239594261,460.8094140410758,65.40639132514966,395.4030227159261,0.0013516491744667,61669822,0.4914963866264076,E,major,0.897657573223114,6.326948040758725
버스커 버스커(Busker Busker) - 꽃송이가 [가사_Lyrics],tHkMjexi2_Q,3:24,꽃송이가,버스커버스커,Q1,Q1,2012,2,0,0.1337215941532488,310.50373931429584,468.8642207165331,65.40639132514966,403.4578293913835,0.0013265993911772,52236096,0.6878373653965348,B,major,0.8782764673233032,3.7222048795946914
4.정말로 사랑한다면 - If You Really Love Me,nteCoZ3ZX_Q,4:14,정말로 사랑한다면,버스커버스커,Q1,Q1,2012,2,0,0.1115989754848152,411.00938901279625,403.4817790100553,65.40639132514966,338.07538768490565,0.0049072438850998,61195018,0.5160599896054358,Bb,major,0.9466612935066224,3.387171714077209
DNA,SxAvr92fRg4,3:44,DNA,BTS,Q1,Q1,2017,2,0,0.1738813735691987,907.6550553371284,171.61434972294217,65.40639132514966,106.20795839779252,0.0136820496991276,41074204,0.4487166814715999,C#,minor,0.8636869788169861,4.04596664674679
IDOL,9IVhjh15ofo,3:43,IDOL,BTS,Q1,Q1,2018,2,0,0.1394767017617012,192.6701917636028,86.80420620725057,65.40639132514966,21.397814882100917,0.0165657363831996,65322184,0.7161573936776994,C#,minor,0.8849532604217529,3.633241804182635
Anpanman,EBf6lwkChnQ,3:53,Anpanman,BTS,Q1,Q1,2018,2,0,0.0859079130954753,67.96853565129904,176.64303400994282,65.40639132514966,111.23664268479315,0.0144795114174485,55924802,0.560199956582221,C#,minor,0.884113073348999,1.8304646064154837
K.will(케이윌) - Love Blossom (러브블러썸) [가사_Lyrics],WmCy7VJPPk4,3:37,Love Blossom,케이윌,Q1,Q1,2013,2,0,0.1730066623683644,769.3385795159805,241.30149553281768,65.40639132514966,175.89510420766803,0.0013905508676543,31913872,0.371902663241149,C#,major,0.9032015204429626,3.3931019993809097
케이윌(K.will) - 오늘부터 1일 (Day 1) [가사_Lyrics],3fUKF8wKP0I,3:27,오늘부터 1일,케이윌,Q1,Q1,2014,2,0,0.1578235890503548,357.71895633627287,290.2917403700367,65.40639132514966,224.88534904488705,0.0044241594150662,64063190,0.8208137285086854,E,major,0.9350339770317078,3.388576012309908
케이윌(K.will) - 말해! 뭐해_ [태양의 후예 OST] [가사_Lyrics],aFgy_E_PV44,3:38,말해! 뭐해?,케이윌,Q1,Q1,2016,2,0,0.1747084626083235,636.3127969469365,502.5162292967395,65.40639132514966,437.10983797158985,0.0042107230983674,41906154,0.4840516729557191,E,major,0.903510570526123,3.7711292220985784
HyunA (현아) - Bubble Pop! - Color Coded Lyrics (HAN_ROM_ENG),HB_TYdo9jw4,3:34,Bubble Pop!,현아,Q1,Q1,2011,2,0,0.0592842380071793,61.36123317737263,113.87914162255151,65.40639132514966,48.47275029740186,0.0131848463788628,70738896,0.8448286400662115,F,major,0.8749416470527649,1.9323282766865555
HyunA (현아) – Babe (베베) Lyrics (Han_Rom_Eng),RURqTdDwPBg,3:14,베베,현아,Q1,Q1,2017,2,0,0.1240981240981241,430.0040636761115,167.69467255813382,65.40639132514966,102.28828123298416,0.0145634682849049,43369914,0.6335924888067783,C#,minor,0.9110400676727296,5.028925751968376
비스트(Beast) - 아름다운 밤이야 [가사_Lyrics],sjJFYzjh7m0,3:39,아름다운 밤이야,비스트,Q1,Q1,2012,2,0,0.1587385856869823,281.6883050200362,372.1377785978373,65.40639132514966,306.7313872726877,0.0062905759550631,73914430,0.8408922639362912,Bb,minor,0.8841551542282104,1.7367173282432888
I Like You The Best (니가 제일 좋아),hAiWQ854j4k,3:24,니가 제일 좋아,비스트,Q1,Q1,2010,2,0,0.0961932983815819,153.08005812862035,107.48759652776704,65.40639132514966,42.0812052026174,0.0121870068833231,61714908,0.809491645047399,Ab,minor,0.8594909906387329,0.7732143870135711
Through the Night (밤편지),6744glqD6lk,4:14,밤편지,IU,Q3,Q3,2017,3,0,0.1775598129984416,582.5203930874876,339.28638158974695,65.40639132514966,273.87999026459727,0.0127494549378752,17119944,0.1449849663140048,Eb,major,0.8922399878501892,1.2135173621362916
아이유(IU) - 나만 몰랐던 이야기 [가사_Lyrics],BR58ZxI-NKk,3:24,나만 몰랐던 이야기,IU,Q3,Q3,2011,3,0,0.2090929808568824,1159.892434326152,241.30149553281768,65.40639132514966,175.89510420766803,0.0069036870263516,6763166,0.0886693243998592,F,major,0.853937029838562,2.376889585406707
Love poem (Love poem),iOKRYIMhaDk,4:19,Love Poem,IU,Q3,Q3,2019,3,0,0.1635497212731523,1668.0650361890089,337.3322358273121,65.40639132514966,271.9258445021625,0.0135476421564817,36752826,0.2993990484485723,B,major,0.9183972477912904,1.4841152500597632
Do Men Cry (남자도 우나요),ADQhv2u6vyo,3:54,남자도 우나요,다비치,Q3,Q3,2012,3,0,0.1614381037745244,1144.5638855793327,547.9978338378821,65.40639132514966,482.5914425127325,0.0092509584501385,34999250,0.3500975222547259,Ab,major,0.8779704570770264,6.278038510800729
"다비치(Davichi) - 괜찮아 사랑이야(It's alright This is Love) _ 다비치 괜찮아 사랑이야 듣기, 가사",eJoLpIXTRd0,4:06,괜찮아 사랑이야,다비치,Q3,Q3,2014,3,0,0.182369093835811,912.6584473547032,160.1218501126406,65.40639132514966,94.71545878749096,0.013433551415801,27156840,0.2454548466803367,Ab,major,0.9469618201255798,3.660655626164394
2NE1 - LONELY M_V,5n4V3lGEyG4,3:31,Lonely,2NE1,Q3,Q3,2011,3,0,0.1889023985851663,415.15887640253675,154.66751207845843,65.40639132514966,89.26112075330877,0.0049893083050847,16516586,0.2037047141242179,E,major,0.8951963782310486,0.2659714334650794
2NE1 - It Hurts (아파 ) [Han_Rom_Eng Color Coded Lyrics],49ULVOpHkN8,4:17,아파,2NE1,Q3,Q3,2010,3,0,0.1823284446858591,730.0155846639908,845.1281916448838,65.40639132514966,779.7218003197341,0.0025031787808984,73311182,0.6054921639460346,F#,major,0.8172635436058044,1.1183980837564222
2NE1 - 그리워해요 [가사_Lyrics],MfnGthGj72g,3:40,그리워해요,2NE1,Q3,Q3,2013,3,0,0.2101364934927521,917.826731737,195.99771799087463,65.40639132514966,130.59132666572498,0.0102145075798034,17849036,0.2016387461563432,C,major,0.8666622638702393,4.097717342964967
[Lyrics Video] BOL4(볼빨간사춘기) - Hard To Love(나만 안되는 연애),huqO1Efm7kI,3:40,나만 안 되는 연애,볼빨간 사춘기,Q3,Q3,2016,3,0,0.1974643423137876,610.602889339293,590.7319012233158,65.40639132514966,525.3255098981662,0.0113201420754194,27143968,0.3057321029876878,Eb,major,0.8697556853294373,6.336098853439839
볼빨간사춘기(BOL4) - 나의 사춘기에게 [가사_Lyrics],3gMAEZCOFtE,3:44,나의 사춘기에게,볼빨간 사춘기,Q3,Q3,2018,3,0,0.164775684396794,1254.2308300903342,567.3229357134148,65.40639132514966,501.9165443882651,0.0052857310511171,41824018,0.4571947250350515,A,major,0.9358687400817872,2.6600986947034233
[Lyrics Video] BOL4(볼빨간사춘기) - Blue,t1yHpqup87M,3:07,Blue,볼빨간 사춘기,Q3,Q3,2017,3,0,0.1084817536430439,507.1109504481676,493.88330125612407,65.40639132514966,428.4769099309744,0.01065144687891,32460244,0.5089074278635415,D,major,0.8362080454826355,3.981009041774329
SISTAR (씨스타) – Alone (나혼자) [Han_Rom_Eng] Color Coded Lyrics,VLlUcHvKcck,3:25,나 혼자,씨스타,Q2,Q3,2012,3,0,0.0846267134926928,75.1222205153968,491.03874275729817,65.40639132514966,425.63235143214854,0.0102729443460702,55741172,0.7223405622889654,E,minor,0.894334077835083,1.7000980145013636
Sistar (씨스타) - Give It To Me (Full Audio) [Give It To Me],VufRgvGYI1s,3:25,Give It To Me,씨스타,Q2,Q3,2013,3,0,0.1279728199320498,386.03049549243354,702.5025799938518,65.40639132514966,637.0961886687021,0.0092387404292821,56091148,0.726379625547506,G,minor,0.867418110370636,3.291592169129178
SISTAR - LONELY Color Coded Lyrics [Han_Rom_Eng],_nCEtTSOSj4,3:27,Lonely,씨스타,Q2,Q2,2017,3,0,0.1662544964028777,708.5887368342736,175.62564499846297,65.40639132514966,110.21925367331332,0.0115194953978061,30717860,0.3918871064012661,Bb,major,0.964211404323578,3.5133038358284945
BIGBANG(빅뱅) - LOSER [가사_Lyrics],3-gjXQ-P4j0,3:40,Loser,빅뱅,Q3,Q3,2015,3,0,0.1517299756639509,446.4995979854817,175.62564499846297,65.40639132514966,110.21925367331332,0.0185088589787483,40285472,0.4551008840139308,Eb,major,0.8965902328491211,1.9217026273217164
IF YOU,h9hdorPqukU,4:25,If You,빅뱅,Q3,Q3,2015,3,0,0.1452788757136583,295.99478486918025,141.8307339283537,65.40639132514966,76.42434260320405,0.0121893221512436,23715690,0.1843394085761665,C#,major,0.8856057524681091,4.534186733166753
BIGBANG(빅뱅) - LAST DANCE [가사_Lyrics],w2Qex0zIKJs,4:40,Last Dance,빅뱅,Q3,Q3,2016,3,0,0.1799485861182519,784.7764709048852,260.1187129259726,65.40639132514966,194.71232160082295,0.0048387791030108,48774130,0.3377797038970646,E,major,0.9226258397102356,1.3715493113345116
1.그댈 마주하는건 힘들어 (그마힘) - It's Hard To Face You,LE-Bl8cJ1rY,3:08,그댈 마주하는 건 힘들어,버스커버스커,Q3,Q3,2012,3,0,0.1355429136779619,626.2575416547651,425.011984726932,65.40639132514966,359.60559340178236,0.007276649121195,31532128,0.4873748900505135,B,minor,0.8670474886894226,3.548088200992173
6.외로움증폭장치 - Loneliness Amplifier,gwhFvXF-6t8,3:06,외로움증폭장치,버스커버스커,Q3,Q3,2012,3,0,0.1516024036054081,568.5431023820407,343.22869944588433,65.40639132514966,277.82230812073465,0.0029704254120588,12327278,0.1952651448251151,E,major,0.8801257014274597,3.365030275288058
"4.처음엔 사랑이란게 - Love, At First",h_lGsTnWohA,4:05,처음엔 사랑이란 게,버스커버스커,Q3,Q3,2013,3,0,0.1306828989918204,951.8894545399744,218.73289323986043,65.40639132514966,153.32650191471078,0.0082608787342906,40496362,0.3693160797193223,D,major,0.902305543422699,4.31305508132773
FAKE LOVE,0tWU94w_3ig,4:03,Fake Love,BTS,Q2,Q3,2018,3,0,0.1602951039570758,669.0728583714334,100.87044475251382,65.40639132514966,35.46405342736416,0.0166131947189569,33284578,0.3080603815258423,D,minor,0.8775567412376404,4.893959266545869
BTS - Danger (방탄소년단 - Danger) [Color Coded Lyrics_Han_Rom_Eng_가사],abm8QCh7pBg,4:05,Danger,BTS,Q2,Q2,2014,3,0,0.172616786935055,526.7269520888648,91.43616857570666,65.40639132514966,26.029777250557004,0.0189057011157274,93267680,0.8476598253870027,F#,major,0.8259634375572205,5.175916998238681
The Truth Untold (Feat. Steve Aoki),ITc-om9SVr4,4:03,전하지 못한 진심,BTS,Q3,Q3,2018,3,0,0.2620987062769526,840.5470363114441,564.0553960451207,65.40639132514966,498.649004719971,0.0123988464474678,22340804,0.2068515278722495,E,major,0.7914174795150757,0.1807439040112172
케이윌(K.will) - 그립고 그립고 그립다 [가사_Lyrics],UczuiyzK5cQ,4:18,그립고 그립고 그립다,케이윌,Q3,Q3,2009,3,0,0.2254574957180203,1370.309335261279,398.84739550836855,65.40639132514966,333.44100418321887,0.0098371980711817,25060982,0.2052268728572709,A,major,0.8450302481651306,1.0291503849588268
I hate myself (내가 싫다),-AAkBfgBxmA,3:54,내가 싫다,케이윌,Q3,Q3,2011,3,0,0.1710303633648581,1222.0181980886905,797.6947910167371,65.40639132514966,732.2883996915874,0.0167097728699445,18388536,0.1837934522462697,C,major,0.9406968355178832,6.732160764113003
Dropping the Tears (눈물이 뚝뚝),MKkrSBjNIvw,4:19,눈물이 뚝뚝,케이윌,Q3,Q3,2009,3,0,0.2185728426167551,842.4365043671,532.3973992564887,65.40639132514966,466.991007931339,0.0114278364926576,29536380,0.2410031922557505,Eb,major,0.8106865882873535,4.972248067484972
에일리(Ailee) - 저녁 하늘 [가사_Lyrics],8JINsWbZVEA,3:55,저녁 하늘,에일리,Q3,Q3,2012,3,0,0.1341125198098256,1188.6964653981051,208.85526660911424,65.40639132514966,143.44887528396458,0.004395596217364,31774008,0.3143673521384998,Bb,major,0.9338172078132628,4.555091160323307
[Audio] 헤이즈 (Heize) - 비도 오고 그래서 (Feat. 신용재),N8frr93imY8,3:26,비도 오고 그래서,헤이즈,Q3,Q3,2017,3,0,0.1972420029388493,636.5832722462488,636.7984644737662,65.40639132514966,571.3920731486165,0.0283708199858665,25072558,0.3234366651264035,E,major,0.8225461840629578,1.0765321747209493
불티 Spark,8a_kJWcAOvU,3:38,불티,태연,Q2,Q2,2019,3,0,0.1323247389729384,465.24517671408455,290.2917403700367,65.40639132514966,224.88534904488705,0.0127859571948647,49929088,0.5719189078630401,C#,minor,0.8781209588050842,3.49013654232825
비스트(Beast) - 비가 오는 날엔 [가사_Lyrics],B-AqBu0D0q8,3:46,비가 오는 날엔,비스트,Q3,Q3,2011,3,0,0.1518609911577215,493.5959009959461,269.2917795270241,65.40639132514966,203.8853882018745,0.0052851093932986,53545038,0.5710242058636728,B,major,0.8200567960739136,4.816035183750567
[MP3_DL] BEAST (B2ST) (비스트) - No More (이젠 아니야),na6BLM8sCTc,4:00,이젠 아니야,비스트,Q3,Q3,2013,3,0,0.1347160302384183,788.0743453074946,142.65235101161107,65.40639132514966,77.24595968646142,0.0177468433976173,58111516,0.5503719341313565,Ab,major,0.9088774919509888,5.175115289256232
